left_shoulder_x,left_shoulder_y,right_shoulder_x,right_shoulder_y,left_elbow_x,left_elbow_y,right_elbow_x,right_elbow_y,left_wrist_x,left_wrist_y,right_wrist_x,right_wrist_y,left_hip_x,left_hip_y,right_hip_x,right_hip_y,left_knee_x,left_knee_y,right_knee_x,right_knee_y,left_ankle_x,left_ankle_y,right_ankle_x,right_ankle_y,segment_index
111.83409881591797,371.56109619140625,45.36697006225586,374.1518859863281,135.43887329101562,394.54803466796875,26.702293395996094,402.5556640625,130.12966918945312,401.0003356933594,29.516342163085938,448.7059631347656,138.10980224609375,340.2767333984375,97.82804870605469,344.1530456542969,137.85382080078125,379.720458984375,107.35865020751953,380.60699462890625,158.36148071289062,351.7401123046875,156.5718231201172,358.2435302734375,1
120.07876586914062,392.186279296875,40.889991760253906,403.2119140625,145.38040161132812,405.3274230957031,25.9920654296875,432.1673583984375,143.17898559570312,400.7037048339844,23.992202758789062,480.0,130.58883666992188,321.4317932128906,83.9866943359375,328.412841796875,141.4176025390625,328.8695373535156,100.23360443115234,334.7230529785156,147.77122497558594,259.29132080078125,153.94717407226562,280.223388671875,1
112.498291015625,401.56964111328125,60.136505126953125,403.5472412109375,131.19662475585938,342.0622863769531,67.16352081298828,369.15960693359375,123.12213134765625,259.86590576171875,69.29527282714844,414.0123596191406,132.86672973632812,351.4024353027344,99.1334457397461,351.7868347167969,128.85159301757812,349.0087890625,93.93144226074219,341.85870361328125,128.66519165039062,273.7357177734375,134.57113647460938,283.49267578125,1
112.45903015136719,401.75042724609375,60.06208038330078,402.8835754394531,131.61932373046875,342.7017517089844,67.52143096923828,368.8811340332031,122.61933898925781,260.60791015625,69.18523406982422,414.5765380859375,133.01187133789062,352.5750732421875,99.17194366455078,352.5146789550781,128.68515014648438,352.03594970703125,93.97947692871094,344.0646667480469,127.94964599609375,277.2835388183594,134.60501098632812,285.8831481933594,1
82.47015380859375,411.1359558105469,76.75294494628906,406.3534240722656,117.00074005126953,309.0452880859375,103.12786865234375,305.0755615234375,129.04898071289062,208.796875,99.70475769042969,249.0388641357422,116.34294891357422,367.17254638671875,109.3470687866211,364.77581787109375,121.72673034667969,324.3952331542969,103.17835998535156,315.9449462890625,128.22598266601562,265.2904052734375,128.5408935546875,259.2756652832031,1
442.21978759765625,18.651630401611328,443.26263427734375,6.947486877441406,451.7148132324219,30.443744659423828,444.14605712890625,8.505022048950195,464.87518310546875,22.56540298461914,458.2146301269531,6.268636703491211,415.0962219238281,54.74488830566406,418.3453063964844,51.09916687011719,442.6720886230469,68.83369445800781,460.0981750488281,62.8358154296875,436.7456359863281,109.53864288330078,464.6617126464844,105.6972427368164,2
442.6001281738281,18.764842987060547,442.9083251953125,6.830436706542969,452.12567138671875,30.61751937866211,443.7188415527344,8.488969802856445,465.0355529785156,22.595993041992188,458.20916748046875,6.236763000488281,415.8573303222656,54.78429412841797,418.10430908203125,51.08049774169922,444.7330017089844,68.39773559570312,458.0994873046875,62.320831298828125,440.1076965332031,109.36936950683594,461.5580139160156,105.33232116699219,2
158.22325134277344,364.60687255859375,70.65339660644531,383.2249755859375,193.089111328125,396.60845947265625,49.18480682373047,441.2529296875,202.44442749023438,466.71905517578125,62.027915954589844,469.6488037109375,148.75360107421875,345.68603515625,89.00867462158203,354.0312194824219,161.18740844726562,406.9401550292969,76.19509887695312,420.405517578125,177.67123413085938,435.9562072753906,88.40426635742188,438.15789794921875,3
567.007080078125,67.41426849365234,516.2543334960938,70.33159637451172,595.2348022460938,86.72024536132812,496.1651611328125,95.22846221923828,603.9002685546875,92.84957122802734,477.0257568359375,96.42863464355469,561.1950073242188,130.06851196289062,528.4671630859375,131.30003356933594,564.71044921875,163.05471801757812,524.1200561523438,164.4786376953125,561.2256469726562,220.1556396484375,524.8914184570312,217.86038208007812,4
249.78668212890625,318.2356872558594,217.6881866455078,318.75604248046875,257.46954345703125,338.48443603515625,199.90582275390625,343.0453796386719,252.49432373046875,354.50518798828125,204.9770965576172,360.59765625,231.47691345214844,317.53533935546875,208.78158569335938,317.5630798339844,243.9495086669922,340.66796875,207.35130310058594,340.82275390625,245.85223388671875,350.4001770019531,197.41896057128906,350.8520812988281,4
566.0413208007812,67.97401428222656,515.59521484375,71.14351654052734,594.6756591796875,86.69557189941406,495.2740478515625,97.7999267578125,603.4475708007812,92.5362319946289,477.7882385253906,102.96046447753906,560.3888549804688,131.8040771484375,527.9694213867188,133.14633178710938,563.875244140625,164.96786499023438,524.68798828125,166.07278442382812,559.6826782226562,220.58660888671875,525.05224609375,217.764404296875,4
249.00567626953125,317.92364501953125,221.0989990234375,317.2978210449219,258.2801513671875,335.31201171875,203.69371032714844,337.9256286621094,255.33016967773438,352.539306640625,201.4993133544922,359.4771728515625,227.96994018554688,312.2477722167969,208.05931091308594,311.726806640625,243.78280639648438,333.91583251953125,208.91015625,333.3965759277344,245.13516235351562,354.15228271484375,197.61407470703125,354.9609069824219,4
565.7405395507812,66.25045776367188,516.2713012695312,72.25110626220703,592.5995483398438,85.2977294921875,496.6781311035156,101.04972839355469,604.0082397460938,96.63455963134766,477.1432189941406,110.11030578613281,562.3971557617188,127.1485595703125,531.0671997070312,129.00408935546875,561.3649291992188,166.6134796142578,524.200439453125,168.12229919433594,560.267822265625,221.40850830078125,525.9046630859375,217.77854919433594,4
249.97291564941406,319.091552734375,219.10153198242188,317.8935546875,258.9512939453125,338.9881286621094,201.8846893310547,339.44232177734375,255.9274139404297,357.5300598144531,201.3017120361328,359.73931884765625,230.31407165527344,316.14715576171875,208.3246307373047,315.44769287109375,244.54098510742188,337.6231994628906,207.33975219726562,337.0575256347656,245.46522521972656,354.3540344238281,196.75978088378906,355.3175048828125,4
564.9342041015625,66.82682037353516,515.8960571289062,71.47566986083984,595.0054321289062,86.46483612060547,499.9909362792969,100.42085266113281,607.014892578125,96.13628387451172,482.2545166015625,114.76329040527344,561.5840454101562,127.76598358154297,530.5506591796875,128.9966583251953,560.8827514648438,168.87356567382812,524.3148193359375,169.10369873046875,560.758056640625,222.80889892578125,526.8338012695312,219.18051147460938,4
249.6954345703125,313.6402587890625,222.05201721191406,312.6346435546875,257.67584228515625,329.9377746582031,204.090576171875,331.97601318359375,255.20928955078125,349.6180114746094,200.93919372558594,356.5904235839844,232.81005859375,305.6050109863281,212.5521697998047,304.9477844238281,249.11489868164062,328.68035888671875,210.6228790283203,327.8741455078125,252.36361694335938,354.090087890625,198.21722412109375,354.532470703125,4
565.0392456054688,67.09990692138672,514.9207153320312,71.54814910888672,596.59326171875,84.56529998779297,498.41241455078125,100.33326721191406,610.892822265625,94.74254608154297,481.8328552246094,121.83389282226562,561.3531494140625,128.78880310058594,529.7568969726562,129.9856414794922,561.043212890625,168.27755737304688,524.1045532226562,168.06655883789062,561.043701171875,222.6122589111328,527.4994506835938,219.1859588623047,4
251.8885040283203,315.3387756347656,220.27919006347656,313.3779296875,259.134033203125,334.6761474609375,200.91473388671875,334.4656982421875,255.31301879882812,351.51153564453125,199.53366088867188,357.5556640625,236.40138244628906,310.5476379394531,214.02252197265625,309.4732666015625,249.31292724609375,327.4947509765625,209.71665954589844,325.8988952636719,248.3492889404297,353.4855651855469,195.51748657226562,353.59124755859375,4
565.0767211914062,67.93540954589844,513.7684326171875,73.2291259765625,600.4384765625,86.1566162109375,498.2405090332031,104.05772399902344,616.6986083984375,96.49556732177734,483.0324401855469,128.63108825683594,560.8189086914062,129.6162567138672,528.5952758789062,131.03334045410156,559.89599609375,169.77352905273438,522.141357421875,169.6697540283203,561.6814575195312,223.1492462158203,526.9686279296875,220.40457153320312,4
249.73724365234375,316.77117919921875,215.39028930664062,316.2611083984375,258.8632507324219,337.842529296875,198.6294403076172,339.59368896484375,255.76560974121094,355.223876953125,200.3653106689453,361.13616943359375,235.32217407226562,319.9066467285156,210.60057067871094,319.8222961425781,249.6280059814453,338.88067626953125,207.2078399658203,338.6118469238281,253.04354858398438,355.14263916015625,197.86131286621094,356.4977111816406,4
565.1293334960938,67.68550872802734,513.6845092773438,73.13346862792969,600.2029418945312,86.22123718261719,498.1380920410156,104.57760620117188,616.7407836914062,96.50907135009766,483.3454895019531,128.4952392578125,560.6029663085938,129.44094848632812,528.2468872070312,130.9526824951172,560.1524047851562,170.46365356445312,522.2642822265625,170.57672119140625,561.38916015625,223.17333984375,526.4920043945312,220.50784301757812,4
250.166015625,316.171875,215.6702880859375,315.8721923828125,258.9845275878906,337.12286376953125,198.7652130126953,339.1248474121094,255.91580200195312,354.86083984375,200.3651123046875,361.1033935546875,235.87936401367188,319.0791320800781,210.9649658203125,319.0785217285156,250.19134521484375,338.0242004394531,206.92279052734375,337.93280029296875,253.97262573242188,354.8076477050781,197.6095733642578,356.486572265625,4
561.3162231445312,65.91594696044922,511.3569641113281,73.19129180908203,597.593017578125,78.63653564453125,499.118408203125,104.66929626464844,621.0037231445312,96.25228881835938,487.7314453125,132.21580505371094,562.942626953125,127.63377380371094,531.0235595703125,130.25283813476562,563.4122924804688,171.2177734375,523.9891967773438,172.82171630859375,564.6790161132812,224.0423583984375,525.1577758789062,221.14205932617188,4
558.3605346679688,64.33580017089844,509.22418212890625,74.3030014038086,596.1762084960938,79.97222137451172,499.7258605957031,107.94988250732422,619.2720336914062,102.27725982666016,485.8697204589844,139.53622436523438,562.2106323242188,128.13760375976562,530.897705078125,132.03445434570312,559.2861938476562,170.6365966796875,520.9752807617188,173.89535522460938,562.5162963867188,223.03085327148438,527.27490234375,220.85121154785156,4
558.2105712890625,63.08495330810547,507.3165283203125,75.01322174072266,596.7440795898438,77.47367858886719,499.7134704589844,110.21973419189453,618.1087646484375,102.74810791015625,487.2546691894531,142.82565307617188,561.4407958984375,128.08697509765625,528.8829956054688,132.79766845703125,560.2526245117188,170.3000030517578,520.8109741210938,174.6737060546875,561.8396606445312,223.42083740234375,527.5603637695312,220.8681640625,4
557.1931762695312,63.25920867919922,505.4404296875,77.40830993652344,598.8131103515625,75.85292053222656,499.35906982421875,112.68286895751953,619.779052734375,103.68468475341797,487.3388977050781,145.22482299804688,561.4799194335938,128.94313049316406,528.4551391601562,134.53172302246094,559.7896118164062,171.22415161132812,520.0441284179688,176.73800659179688,561.2806396484375,222.80966186523438,527.2772827148438,220.38983154296875,4
246.12936401367188,300.656982421875,214.30078125,309.60369873046875,268.5249328613281,308.99749755859375,202.98202514648438,336.00640869140625,280.0989990234375,325.7032470703125,201.4054412841797,356.063232421875,232.06396484375,298.2103271484375,210.64422607421875,301.8619689941406,239.82420349121094,327.79608154296875,208.9936065673828,333.09320068359375,236.62234497070312,352.3790283203125,197.73834228515625,355.01190185546875,4
557.8509521484375,64.49639892578125,505.4374694824219,78.74799346923828,600.9950561523438,74.80794525146484,498.84716796875,111.70897674560547,620.3409423828125,103.52369689941406,488.2559509277344,144.94378662109375,561.3826904296875,128.089111328125,528.0488891601562,133.3994140625,559.373779296875,168.93515014648438,519.3565673828125,173.73574829101562,559.2565307617188,223.76553344726562,525.1448974609375,220.33042907714844,4
244.47926330566406,300.2935791015625,223.39022827148438,305.7785339355469,262.9783020019531,309.71600341796875,218.98526000976562,325.8607177734375,282.1537780761719,325.468017578125,220.18600463867188,348.48614501953125,241.24327087402344,300.4814453125,225.146728515625,302.5939025878906,244.65692138671875,327.8495178222656,215.9104766845703,330.10400390625,248.30369567871094,340.7779846191406,208.6690216064453,344.0060729980469,4
557.5454711914062,64.84811401367188,505.75274658203125,77.95167541503906,601.4451293945312,76.8560562133789,498.22845458984375,110.28362274169922,620.2576904296875,104.59738159179688,488.6457824707031,144.71127319335938,561.5967407226562,128.95384216308594,528.708984375,133.7655792236328,559.1947021484375,167.47276306152344,519.4820556640625,171.50161743164062,559.65380859375,223.315673828125,524.5123291015625,220.6328582763672,4
252.08322143554688,300.1094665527344,219.1754913330078,306.6467590332031,275.77093505859375,307.82647705078125,205.31393432617188,329.12506103515625,288.93023681640625,310.51568603515625,201.75808715820312,354.3867492675781,248.67352294921875,301.3720703125,225.8629608154297,304.3032531738281,258.9386901855469,309.78485107421875,216.50680541992188,313.2037048339844,258.5862731933594,339.0738220214844,201.39212036132812,345.2283630371094,4
557.482177734375,64.38824462890625,504.1474304199219,78.80570983886719,601.36474609375,75.94451904296875,496.74737548828125,112.60610961914062,620.2528686523438,104.44512939453125,488.01708984375,146.68682861328125,561.3726806640625,127.73324584960938,527.3993530273438,133.31881713867188,560.442138671875,164.48443603515625,518.6066284179688,169.7783203125,559.7876586914062,222.000244140625,523.1693725585938,220.07308959960938,4
557.3751831054688,64.16828155517578,503.88873291015625,78.0641860961914,600.9142456054688,75.45870971679688,496.3314208984375,112.02188110351562,619.0400390625,103.5632553100586,487.1285095214844,146.62832641601562,559.664794921875,128.33795166015625,525.507568359375,133.70172119140625,560.885498046875,166.53057861328125,519.1767578125,171.40451049804688,559.6163330078125,223.46035766601562,522.7525024414062,220.7635498046875,4
241.6314697265625,293.6181945800781,212.1849822998047,304.99066162109375,263.2926940917969,295.3168640136719,205.4855499267578,331.7182312011719,285.8410339355469,301.126220703125,202.45152282714844,355.9536437988281,246.4247589111328,303.1355895996094,226.299560546875,308.3235168457031,250.2080535888672,324.4319152832031,216.4886016845703,331.00921630859375,252.01568603515625,346.8016357421875,211.19198608398438,353.1219787597656,4
296.09698486328125,258.444091796875,272.7857666015625,260.6545104980469,301.79595947265625,274.8855895996094,267.72393798828125,282.2850341796875,298.2581787109375,288.4895935058594,273.220458984375,301.9870910644531,295.0539245605469,296.23870849609375,280.10968017578125,297.2267150878906,296.064697265625,324.0291748046875,282.5810241699219,324.8489990234375,295.79632568359375,347.3473815917969,286.7359619140625,348.5680236816406,5
224.95248413085938,251.82997131347656,208.63571166992188,251.62632751464844,233.1340789794922,270.962890625,210.71377563476562,272.7565002441406,233.32749938964844,283.4405822753906,221.6880645751953,285.33697509765625,221.7942352294922,289.12158203125,211.71871948242188,289.3158264160156,224.00962829589844,314.69775390625,214.5326385498047,314.91436767578125,222.0107421875,341.34564208984375,215.14898681640625,341.602294921875,5
157.84613037109375,241.8546142578125,204.79043579101562,247.91558837890625,139.64381408691406,262.5755920410156,216.6424560546875,275.77496337890625,121.94657897949219,285.6440124511719,218.82870483398438,297.43377685546875,167.0099639892578,294.5733642578125,197.82138061523438,298.9201965332031,175.5260009765625,312.13800048828125,215.18121337890625,316.83685302734375,181.60894775390625,349.43310546875,217.8798828125,349.69366455078125,5
267.43548583984375,264.5605163574219,245.93052673339844,264.01513671875,270.3099365234375,281.54840087890625,238.59124755859375,280.890625,269.2701721191406,295.2567443847656,245.6407470703125,294.5922546386719,264.47406005859375,297.15869140625,251.24293518066406,297.1347351074219,263.66162109375,320.9091796875,252.3003387451172,320.78759765625,260.164794921875,342.28521728515625,253.44400024414062,342.10302734375,5
296.0755310058594,258.38580322265625,272.81097412109375,260.6036071777344,301.8467712402344,274.863037109375,267.7283935546875,282.264404296875,298.36212158203125,288.46075439453125,273.0933837890625,301.9527587890625,295.0640563964844,296.2430725097656,280.1700134277344,297.23529052734375,296.0184020996094,324.1119689941406,282.6849670410156,324.93328857421875,295.7273254394531,347.41278076171875,286.82879638671875,348.63787841796875,5
225.1170654296875,251.91909790039062,208.4696807861328,251.60060119628906,233.09205627441406,271.11102294921875,210.45387268066406,272.705810546875,232.96217346191406,283.49273681640625,221.32022094726562,285.2308044433594,221.6969451904297,289.04510498046875,211.38909912109375,289.14630126953125,223.802490234375,314.65118408203125,214.16323852539062,314.8036193847656,221.8102264404297,341.322021484375,214.8779296875,341.4412841796875,5
160.9801483154297,241.68551635742188,202.1705322265625,247.87669372558594,143.8792724609375,260.8996276855469,212.0665283203125,273.97698974609375,123.23191833496094,284.80340576171875,215.4440155029297,296.36572265625,167.2200164794922,294.2775573730469,194.00811767578125,298.82275390625,176.86477661132812,312.85009765625,212.25558471679688,317.8674621582031,183.4757843017578,348.62457275390625,216.68817138671875,349.42730712890625,5
267.9991760253906,264.9845886230469,246.3516082763672,264.86077880859375,271.9431457519531,281.7974853515625,240.17396545410156,281.911865234375,270.9095764160156,295.1708068847656,247.53225708007812,295.09661865234375,265.30194091796875,297.7323303222656,251.94192504882812,297.881591796875,264.5665283203125,321.14630126953125,252.792236328125,321.1669006347656,261.36944580078125,342.20916748046875,254.1397705078125,342.23876953125,5
296.04840087890625,258.54541015625,272.9727783203125,260.688720703125,302.075439453125,274.8228759765625,268.2210693359375,281.93524169921875,298.54974365234375,288.41015625,273.4090881347656,301.23974609375,294.8375244140625,295.6244201660156,279.98388671875,296.58599853515625,296.2358093261719,322.8264465332031,281.96044921875,323.63446044921875,296.2380065917969,345.8914489746094,285.641357421875,347.078857421875,5
161.00433349609375,241.7056427001953,202.24378967285156,247.8654022216797,143.88360595703125,260.9050598144531,212.0633087158203,273.9302978515625,123.23331451416016,284.7740783691406,215.24591064453125,296.25732421875,167.21531677246094,294.2843933105469,194.07156372070312,298.8099365234375,176.78131103515625,312.8950500488281,212.37911987304688,317.8968200683594,183.28366088867188,348.6994323730469,216.83123779296875,349.4844970703125,5
267.97265625,264.99176025390625,246.3683624267578,264.8586120605469,271.91107177734375,281.7955017089844,240.16307067871094,281.9033508300781,270.93133544921875,295.1884460449219,247.4576416015625,295.1340637207031,265.28021240234375,297.71490478515625,251.95135498046875,297.860107421875,264.5435485839844,321.12371826171875,252.79534912109375,321.140869140625,261.3587646484375,342.2066650390625,254.12559509277344,342.23138427734375,5
295.9642333984375,258.6263732910156,272.9783630371094,260.721435546875,301.92767333984375,274.95660400390625,268.24200439453125,281.91845703125,298.4867248535156,288.7210998535156,273.42816162109375,301.2675476074219,294.74359130859375,295.6300048828125,279.94781494140625,296.5706481933594,296.154541015625,322.781494140625,281.88873291015625,323.57122802734375,296.1810302734375,345.8473205566406,285.52825927734375,347.00390625,5
161.0232391357422,241.70938110351562,202.2405548095703,247.8555450439453,143.87747192382812,260.9353332519531,212.0685577392578,273.9299011230469,123.22075653076172,284.791015625,215.23684692382812,296.23223876953125,167.2224884033203,294.326416015625,194.0653533935547,298.84375,176.7415313720703,312.92901611328125,212.34225463867188,317.9253845214844,183.23321533203125,348.717041015625,216.8179931640625,349.4982604980469,5
267.971435546875,264.9924011230469,246.3682861328125,264.8584289550781,271.90997314453125,281.7960510253906,240.16033935546875,281.903076171875,270.9325256347656,295.18988037109375,247.45220947265625,295.1368713378906,265.27911376953125,297.71697998046875,251.9513397216797,297.86181640625,264.5416564941406,321.1260986328125,252.7964324951172,321.1429443359375,261.35687255859375,342.2082214355469,254.12693786621094,342.2325744628906,5
295.963623046875,258.6267395019531,272.978271484375,260.7201232910156,301.9265441894531,274.95751953125,268.2413024902344,281.91839599609375,298.484130859375,288.71954345703125,273.42626953125,301.2694091796875,294.74188232421875,295.6317138671875,279.946533203125,296.5716247558594,296.1519470214844,322.7840270996094,281.8888854980469,323.57318115234375,296.17822265625,345.8489074707031,285.52911376953125,347.0045166015625,5
168.90386962890625,237.66183471679688,207.36279296875,244.30906677246094,150.2126007080078,258.8737487792969,215.63189697265625,272.44775390625,127.06912231445312,281.8001708984375,218.1085205078125,297.96905517578125,171.21670532226562,294.8533935546875,194.64515686035156,299.51263427734375,181.60687255859375,314.0453796386719,208.12037658691406,319.4147033691406,191.93450927734375,345.9247741699219,210.24609375,348.50726318359375,5
267.9041442871094,265.0730285644531,246.57827758789062,264.922607421875,272.228515625,282.04852294921875,241.8225555419922,281.6873474121094,270.4669494628906,295.4294738769531,249.49630737304688,293.8023986816406,265.0776062011719,297.4580383300781,251.8428497314453,297.61834716796875,264.1850891113281,320.8898010253906,252.4927520751953,320.91912841796875,260.9520263671875,341.9120788574219,253.68479919433594,341.9149169921875,5
295.8255920410156,258.32159423828125,272.70355224609375,261.10552978515625,303.5550231933594,272.1626892089844,267.9917907714844,282.2902526855469,300.83013916015625,280.45660400390625,272.15887451171875,299.6958923339844,295.1771545410156,295.37823486328125,280.25885009765625,296.7047119140625,296.68505859375,322.84735107421875,282.5046081542969,324.00390625,297.20111083984375,346.09661865234375,286.23681640625,347.86712646484375,5
171.37242126464844,237.39028930664062,209.2852783203125,243.7628631591797,152.38816833496094,259.1371154785156,223.6021728515625,271.4460754394531,127.787353515625,281.9915466308594,232.14561462402344,297.05987548828125,175.01904296875,298.1656188964844,196.81532287597656,302.7666931152344,186.75588989257812,328.7890930175781,209.96746826171875,334.07867431640625,195.95628356933594,357.5721435546875,208.97950744628906,360.508544921875,5
267.60345458984375,265.2300720214844,247.9395751953125,264.8116455078125,271.2001647949219,281.7498474121094,242.72659301757812,280.9452819824219,268.7820129394531,297.7264099121094,246.86358642578125,295.9057922363281,263.6242370605469,297.0118103027344,251.41970825195312,296.79608154296875,261.9150695800781,320.94525146484375,252.01974487304688,320.79400634765625,259.2835693359375,342.07855224609375,252.1398162841797,341.74609375,5
295.49359130859375,258.0503845214844,273.1026306152344,261.09686279296875,303.55084228515625,271.5603332519531,268.7265625,282.74810791015625,300.8963623046875,278.7198791503906,271.77410888671875,300.2959289550781,294.7804870605469,295.0539855957031,280.3583984375,296.4725646972656,295.97796630859375,322.6481018066406,282.50799560546875,323.9106750488281,296.3514709472656,345.6824645996094,285.73046875,347.6279602050781,5
173.4375457763672,238.80902099609375,209.44000244140625,245.7384033203125,153.71734619140625,255.83731079101562,221.4760284423828,269.47100830078125,133.44473266601562,273.7125244140625,230.341064453125,291.58074951171875,175.8887939453125,296.12103271484375,197.6160125732422,300.978515625,190.88858032226562,313.63116455078125,214.52838134765625,320.26263427734375,193.84124755859375,342.3915710449219,210.40908813476562,348.88037109375,5
295.0475158691406,259.78167724609375,273.85516357421875,261.6109924316406,300.6552734375,276.7186584472656,269.597412109375,282.506591796875,298.383544921875,290.3931579589844,272.8627624511719,300.4163513183594,293.7040100097656,296.1209716796875,280.196533203125,296.99072265625,294.61053466796875,323.32110595703125,281.8146667480469,324.06341552734375,294.62640380859375,346.79107666015625,284.36041259765625,347.82318115234375,5
267.01983642578125,264.38543701171875,247.68136596679688,263.993896484375,270.774658203125,281.20806884765625,244.654541015625,280.25091552734375,267.94097900390625,291.3768310546875,250.17799377441406,288.6024169921875,264.24481201171875,295.5594482421875,252.01890563964844,295.5935974121094,263.77142333984375,320.81494140625,251.5216522216797,320.700439453125,262.2878112792969,343.5997009277344,252.22720336914062,343.26171875,5
257.20086669921875,216.6007080078125,201.4432373046875,218.369140625,273.68719482421875,256.6276550292969,177.12210083007812,255.95684814453125,261.94586181640625,286.6196594238281,197.73764038085938,271.3147277832031,254.01248168945312,295.77294921875,219.73512268066406,297.36572265625,255.35421752929688,345.4144287109375,232.80955505371094,346.6109619140625,248.60121154785156,394.92779541015625,237.06509399414062,395.1356201171875,6
257.9073486328125,216.46910095214844,201.50265502929688,218.54916381835938,274.2969055175781,256.4961853027344,176.63775634765625,256.633544921875,262.19451904296875,286.93585205078125,195.92608642578125,272.2392883300781,254.60438537597656,297.26251220703125,220.10992431640625,298.9609069824219,255.09637451171875,346.57818603515625,233.4744110107422,347.91900634765625,247.25856018066406,395.29364013671875,238.31744384765625,395.26715087890625,6
258.23260498046875,216.28512573242188,201.76327514648438,218.10386657714844,273.97564697265625,256.2352294921875,176.64105224609375,256.265869140625,261.2581481933594,287.2275085449219,196.0450439453125,271.9888916015625,253.8578338623047,296.4337158203125,219.39447021484375,297.9466247558594,254.6501007080078,344.273193359375,233.47152709960938,345.19622802734375,246.3513946533203,393.5793762207031,238.0242919921875,392.6641845703125,6
258.68408203125,215.4015655517578,201.990234375,216.787841796875,274.2438049316406,255.1851348876953,175.86325073242188,254.4089813232422,260.8775939941406,287.0159606933594,195.26956176757812,270.7376708984375,253.1919708251953,294.8802185058594,218.71142578125,296.0928649902344,253.44847106933594,344.3887939453125,233.10122680664062,344.75262451171875,246.34976196289062,394.2710266113281,238.95361328125,392.3841552734375,6
258.45770263671875,213.93637084960938,201.22146606445312,214.9362335205078,273.714111328125,254.97250366210938,174.82066345214844,253.63177490234375,259.6446228027344,286.630126953125,193.552490234375,268.8091735839844,253.53143310546875,297.11383056640625,218.4950714111328,298.17193603515625,253.09445190429688,349.62042236328125,232.34869384765625,349.7325439453125,246.43402099609375,398.0258483886719,238.39739990234375,395.5332336425781,6
258.2906494140625,212.51336669921875,199.8787384033203,212.869140625,273.84954833984375,254.28366088867188,173.7310333251953,252.13870239257812,259.24200439453125,285.9282531738281,192.35906982421875,268.68084716796875,252.6420440673828,297.6429138183594,216.92364501953125,298.43951416015625,252.45240783691406,355.8409423828125,232.5032958984375,355.6794738769531,243.89234924316406,404.1790771484375,238.06350708007812,401.66339111328125,6
258.81170654296875,210.5831756591797,199.32810974121094,210.82907104492188,273.01617431640625,253.020751953125,174.14596557617188,249.90170288085938,259.79071044921875,286.207763671875,190.3909454345703,266.8162536621094,253.53616333007812,298.011962890625,216.67388916015625,298.72021484375,253.85879516601562,360.37371826171875,230.39134216308594,360.4569396972656,244.67245483398438,406.367431640625,234.61886596679688,404.45721435546875,6
259.52496337890625,208.4473114013672,199.20587158203125,208.8296356201172,271.73760986328125,252.78675842285156,175.08206176757812,247.48898315429688,259.5633544921875,286.9794921875,186.8601837158203,263.1752014160156,252.14012145996094,297.344482421875,214.40542602539062,297.89715576171875,252.56118774414062,364.060546875,224.83164978027344,365.04168701171875,243.5120849609375,413.93988037109375,229.15017700195312,414.15899658203125,6
259.5479431152344,206.15245056152344,198.70599365234375,207.4983367919922,271.1195068359375,251.83580017089844,175.33294677734375,247.57351684570312,259.2747802734375,284.4141845703125,187.07247924804688,260.255615234375,252.2179718017578,295.8829040527344,213.6561737060547,296.70281982421875,253.3548583984375,361.7893371582031,221.21798706054688,363.2870788574219,244.98428344726562,410.43994140625,224.17498779296875,411.37353515625,6
258.12884521484375,204.7392120361328,197.6691131591797,205.1419677734375,271.42828369140625,250.52713012695312,172.75369262695312,244.17132568359375,258.9826354980469,282.92059326171875,184.41799926757812,256.896240234375,252.80323791503906,294.55438232421875,214.84072875976562,295.117431640625,254.49415588378906,359.61761474609375,224.62294006347656,360.324951171875,245.49539184570312,408.6372375488281,227.2955780029297,408.5879821777344,6
247.9597930908203,260.1174011230469,206.47998046875,264.1504821777344,271.4523620605469,279.59271240234375,192.1639862060547,285.13079833984375,263.4576110839844,299.7032165527344,187.99847412109375,304.2755126953125,252.21456909179688,298.1417236328125,226.26698303222656,299.0305480957031,243.92437744140625,324.3670959472656,216.74868774414062,323.5968933105469,248.61190795898438,361.20306396484375,223.8279266357422,357.1819763183594,7
246.9594268798828,259.6773681640625,203.03013610839844,262.9382629394531,267.37451171875,282.6181945800781,186.20262145996094,289.5458679199219,254.81405639648438,297.0755615234375,185.10531616210938,314.9695129394531,249.876953125,298.1410827636719,222.18563842773438,298.88671875,244.60055541992188,311.6767272949219,214.5657958984375,309.85650634765625,249.1282501220703,353.5952453613281,224.085693359375,349.4841003417969,7
243.9003143310547,261.4633483886719,198.34640502929688,263.98919677734375,263.5208740234375,285.7335205078125,182.9761505126953,291.6142272949219,250.91180419921875,300.41656494140625,178.661376953125,322.9698791503906,249.4100341796875,297.4201965332031,220.5363311767578,297.87921142578125,243.37171936035156,314.4554748535156,210.62220764160156,312.2900085449219,249.22532653808594,360.04833984375,222.15785217285156,357.8211975097656,7
241.56021118164062,262.7490539550781,193.67910766601562,265.3133239746094,259.37066650390625,291.92083740234375,179.9523468017578,295.0792541503906,247.50515747070312,310.16961669921875,178.00108337402344,321.5645446777344,247.32899475097656,294.26251220703125,217.37503051757812,295.1152038574219,242.2772979736328,322.1982421875,212.03057861328125,321.7704772949219,244.60787963867188,365.6648864746094,222.27987670898438,366.18084716796875,7
235.01235961914062,272.0331726074219,189.28494262695312,275.8429870605469,253.476318359375,294.5677185058594,176.81898498535156,302.4743347167969,243.21609497070312,321.09295654296875,175.96295166015625,336.6419677734375,235.38795471191406,319.0801696777344,206.75808715820312,319.95758056640625,228.9646453857422,340.4129638671875,202.93113708496094,339.49859619140625,234.45216369628906,365.3665771484375,219.36431884765625,363.33038330078125,7
234.58474731445312,289.15142822265625,185.5174102783203,286.11077880859375,242.03106689453125,325.8263854980469,168.6044158935547,317.3815002441406,234.10195922851562,359.63592529296875,166.04168701171875,355.6889953613281,235.35523986816406,317.7192687988281,200.98101806640625,315.4102783203125,228.32643127441406,343.67388916015625,172.86416625976562,340.16827392578125,236.39341735839844,377.8245544433594,173.4774932861328,375.30914306640625,7
234.6614990234375,289.48785400390625,185.4574737548828,285.9573059082031,241.95022583007812,326.42852783203125,168.6766815185547,317.2117919921875,234.00485229492188,359.9472351074219,165.9849395751953,355.5256042480469,234.81126403808594,318.2472229003906,200.2419891357422,315.7213439941406,228.5264434814453,344.7269287109375,172.44058227539062,340.9212951660156,236.429443359375,378.360107421875,172.71914672851562,375.49932861328125,7
235.98143005371094,295.73858642578125,183.55706787109375,289.2301940917969,239.53688049316406,347.80987548828125,168.135986328125,328.7682189941406,231.0835723876953,390.87982177734375,161.1185302734375,371.8764343261719,242.76454162597656,322.5763244628906,204.98898315429688,319.2441711425781,234.42921447753906,358.6521911621094,171.18148803710938,355.8248291015625,244.38400268554688,390.20928955078125,175.48233032226562,393.2828369140625,7
233.74179077148438,303.9574279785156,178.9964141845703,300.54412841796875,237.42843627929688,360.3919677734375,160.4833984375,345.2374572753906,230.04254150390625,406.94085693359375,154.31646728515625,384.4657287597656,247.80331420898438,322.267822265625,209.7139434814453,320.90130615234375,243.80917358398438,366.62835693359375,181.89215087890625,365.3039855957031,255.85806274414062,399.2541198730469,188.88418579101562,403.0487365722656,7
231.4088134765625,308.0200500488281,167.48825073242188,306.4778137207031,235.56336975097656,368.5635681152344,153.72341918945312,359.6233215332031,220.45542907714844,413.81805419921875,148.15780639648438,405.7017822265625,240.02471923828125,323.41754150390625,197.2384796142578,323.1506042480469,228.23388671875,365.27105712890625,172.803466796875,367.6218566894531,227.3946990966797,414.0250549316406,186.70611572265625,423.03753662109375,7
224.52102661132812,307.5602111816406,158.3905029296875,326.3002624511719,256.9139404296875,319.96527099609375,139.55648803710938,378.9363098144531,253.05813598632812,294.4185791015625,136.5917205810547,430.07879638671875,228.47311401367188,328.6289978027344,184.33602905273438,337.2048645019531,231.23675537109375,367.3359375,165.79608154296875,372.7436828613281,237.92315673828125,417.7021484375,171.31285095214844,423.7481994628906,7
224.33984375,316.00439453125,159.06661987304688,328.9505920410156,248.67364501953125,333.2976379394531,136.79275512695312,376.9621276855469,242.8611602783203,297.15179443359375,147.338134765625,416.6578369140625,233.26084899902344,323.31396484375,192.21142578125,330.60272216796875,226.9954376220703,364.8788757324219,185.109375,369.7688903808594,234.00494384765625,398.91107177734375,209.25579833984375,411.8106384277344,7
219.82647705078125,324.854736328125,152.6219482421875,337.23785400390625,238.24746704101562,351.57843017578125,129.5409393310547,386.12432861328125,222.31529235839844,373.97271728515625,116.92823028564453,456.2896728515625,231.63714599609375,300.3493957519531,189.25050354003906,307.10540771484375,228.19369506835938,351.7122802734375,182.8413848876953,357.0285339355469,240.4936981201172,369.95880126953125,212.96243286132812,374.6050720214844,7
220.21363830566406,325.0204162597656,152.20298767089844,337.28253173828125,238.71363830566406,352.55078125,129.43942260742188,386.37786865234375,221.99880981445312,374.6026611328125,117.08677673339844,456.017578125,231.82537841796875,300.0846252441406,189.06466674804688,306.8266906738281,228.21456909179688,351.329833984375,183.3926239013672,356.6474304199219,240.6834259033203,368.71044921875,214.8611602783203,373.57086181640625,7
217.70620727539062,339.4124755859375,146.94686889648438,347.599365234375,234.59518432617188,376.31634521484375,129.02871704101562,392.65179443359375,218.7176513671875,424.9462890625,131.1597900390625,466.8873291015625,229.90106201171875,285.5355224609375,186.88023376464844,291.7945251464844,231.18670654296875,326.4256591796875,191.66783142089844,333.9056091308594,245.77903747558594,334.072998046875,234.52793884277344,345.65814208984375,7
220.10768127441406,334.52142333984375,137.70452880859375,358.05535888671875,242.50881958007812,364.6377868652344,119.57450103759766,412.11029052734375,216.20484924316406,410.2198486328125,126.54379272460938,479.85919189453125,233.0185089111328,283.07659912109375,182.90020751953125,295.40924072265625,235.96548461914062,317.28753662109375,189.60972595214844,330.5703125,247.40870666503906,304.7601013183594,234.33822631835938,314.6831970214844,7
215.7747039794922,332.7798156738281,128.4101104736328,369.4613037109375,248.80007934570312,328.2965393066406,119.43485260009766,419.84173583984375,215.95111083984375,336.743408203125,127.67408752441406,477.8213806152344,221.24525451660156,298.4617004394531,167.20143127441406,315.1848449707031,228.6275634765625,333.2204284667969,177.7459259033203,349.0522766113281,234.73428344726562,320.3600769042969,222.22412109375,328.0298156738281,7
214.6879119873047,364.4175720214844,122.14541625976562,376.3898620605469,239.64166259765625,389.40802001953125,110.64768981933594,417.4920654296875,226.39419555664062,427.6278076171875,133.049560546875,470.59259033203125,216.74453735351562,311.7891845703125,159.968505859375,319.827392578125,231.77145385742188,331.8285217285156,176.60858154296875,339.5227355957031,240.321044921875,303.8876953125,230.43215942382812,308.40106201171875,7
171.74012756347656,366.53240966796875,162.14401245117188,374.517333984375,182.3201904296875,358.58538818359375,190.8436279296875,365.09130859375,208.83987426757812,356.38702392578125,201.91180419921875,354.27386474609375,180.5693359375,344.10565185546875,175.3333740234375,349.75347900390625,193.7661895751953,387.12109375,192.59950256347656,395.1365661621094,190.50344848632812,408.66607666015625,225.02072143554688,417.25811767578125,7
150.23312377929688,293.24957275390625,214.1925506591797,288.5254821777344,130.95863342285156,365.8650817871094,254.6046142578125,319.14190673828125,143.3909912109375,397.1352233886719,224.54104614257812,276.1986389160156,144.1663055419922,372.44696044921875,193.24107360839844,371.2303771972656,144.0384979248047,414.08447265625,234.47488403320312,417.96502685546875,119.28082275390625,459.6690673828125,252.75442504882812,464.5552978515625,7
452.3943176269531,165.7427520751953,527.4464721679688,162.07101440429688,405.606689453125,208.41262817382812,540.1494140625,229.30995178222656,382.9524841308594,173.0400390625,511.3660583496094,237.9220428466797,457.4324645996094,285.3617858886719,504.7698974609375,280.7406311035156,447.76361083984375,339.2472229003906,482.4112243652344,330.0618896484375,474.9944152832031,410.34539794921875,500.4432373046875,398.9389343261719,8
458.45269775390625,165.96376037597656,463.8580627441406,174.28631591796875,412.58062744140625,175.5234375,431.4549865722656,192.6830291748047,384.2271728515625,148.14344787597656,398.8706970214844,157.3289794921875,480.1064147949219,251.22471618652344,482.10760498046875,254.52561950683594,445.1617736816406,312.68560791015625,446.6360778808594,321.0752258300781,480.4760437011719,397.3220520019531,474.8321533203125,404.2035827636719,8
456.95452880859375,169.1761016845703,473.5147399902344,175.42630004882812,413.26324462890625,172.70761108398438,455.4446716308594,183.6721649169922,383.69171142578125,146.78480529785156,414.8704833984375,157.198974609375,480.9626159667969,260.550048828125,488.5604248046875,261.30096435546875,433.7266540527344,293.6228942871094,431.5194396972656,299.8077087402344,481.42462158203125,371.5976257324219,472.4809875488281,379.3290710449219,8
451.38677978515625,166.6323699951172,480.0335998535156,170.68328857421875,416.21282958984375,172.11285400390625,472.4321594238281,181.96702575683594,384.8772277832031,146.86795043945312,434.140869140625,160.97500610351562,482.3684387207031,260.48590087890625,497.58233642578125,259.6952209472656,430.1485290527344,286.0928649902344,432.8059997558594,288.1692810058594,477.53253173828125,358.8612976074219,468.8197021484375,361.12921142578125,8
447.1381530761719,168.49050903320312,484.11883544921875,174.23570251464844,416.7604064941406,171.38772583007812,503.8552551269531,193.91232299804688,387.7996520996094,151.5131378173828,491.353271484375,197.71453857421875,479.65545654296875,265.19476318359375,498.5928955078125,264.6376953125,423.7764587402344,283.32037353515625,433.6660461425781,282.58294677734375,469.4064636230469,347.6324462890625,462.817626953125,346.768310546875,8
450.0083312988281,160.18634033203125,488.4230651855469,163.0292205810547,417.1260986328125,168.0318145751953,485.4421691894531,179.11683654785156,387.6280212402344,150.65855407714844,450.69122314453125,170.7395477294922,485.95843505859375,257.5116882324219,506.3924255371094,255.6161346435547,421.072998046875,264.2340087890625,420.1244812011719,264.3254089355469,469.73480224609375,340.0744934082031,445.0415954589844,341.4708251953125,8
209.82925415039062,233.0125274658203,195.79502868652344,234.72866821289062,215.59860229492188,240.45263671875,197.9891815185547,245.43934631347656,211.2293243408203,239.02073669433594,201.27574157714844,244.6150360107422,211.16482543945312,258.97772216796875,200.997314453125,259.9142761230469,215.90841674804688,276.9385070800781,201.31114196777344,278.0816955566406,221.9908447265625,294.2482604980469,204.45033264160156,295.1533508300781,8
458.0246887207031,150.34837341308594,458.619384765625,154.59808349609375,432.03790283203125,163.26156616210938,445.7408752441406,166.60287475585938,391.1437683105469,148.8699951171875,402.3519287109375,154.31065368652344,481.8621826171875,243.0964813232422,479.4315490722656,242.02865600585938,430.27886962890625,261.72857666015625,415.8329772949219,262.3811340332031,466.6512756347656,335.12554931640625,449.9437255859375,336.4757080078125,8
211.2109832763672,236.02825927734375,196.54689025878906,237.679443359375,218.1389617919922,242.98760986328125,197.65545654296875,248.5841827392578,215.22781372070312,237.6100616455078,199.64039611816406,246.14988708496094,212.5544891357422,263.6156005859375,202.47506713867188,264.7674255371094,216.92405700683594,279.8053894042969,204.465576171875,280.88494873046875,220.8260040283203,295.33624267578125,206.70314025878906,296.55908203125,8
457.90411376953125,141.43797302246094,447.43182373046875,145.97669982910156,432.7201843261719,159.61651611328125,431.8422546386719,167.32827758789062,391.7044372558594,147.75363159179688,397.6241760253906,160.4571533203125,482.74237060546875,232.60658264160156,472.44775390625,231.9721221923828,443.91522216796875,260.6644287109375,416.260009765625,260.43963623046875,473.9193115234375,333.22747802734375,443.5540466308594,330.0788269042969,8
214.71255493164062,234.63787841796875,199.3204803466797,237.04672241210938,223.0325469970703,243.0717010498047,198.5685272216797,249.62266540527344,222.605712890625,246.49526977539062,200.24569702148438,254.71353149414062,215.85110473632812,259.9100341796875,205.92774963378906,261.31695556640625,218.0399627685547,277.4681091308594,209.5044403076172,278.9271545410156,219.7581329345703,292.74267578125,213.22586059570312,294.3104553222656,8
270.7814636230469,308.5796203613281,237.1296844482422,309.02056884765625,277.8604431152344,338.8760681152344,228.33233642578125,339.28228759765625,279.2862854003906,364.25482177734375,228.44764709472656,366.5306091308594,274.24676513671875,316.6096496582031,249.88284301757812,316.9860534667969,275.0621337890625,337.2542419433594,230.1796875,337.9788818359375,287.8077697753906,361.9418640136719,232.4892120361328,363.4925537109375,9
271.34381103515625,316.0440673828125,234.6752166748047,312.269287109375,279.4755859375,350.07720947265625,224.1985321044922,343.67840576171875,276.33013916015625,370.8992004394531,226.39796447753906,369.3834228515625,268.2122802734375,317.5492248535156,241.43531799316406,315.7610168457031,273.2914123535156,343.7773742675781,224.72988891601562,341.0461730957031,285.67193603515625,367.6769104003906,223.60903930664062,366.1700744628906,9
270.0640869140625,314.2174072265625,232.08502197265625,314.3982238769531,281.14862060546875,343.53900146484375,221.9397430419922,345.906494140625,277.41387939453125,368.008544921875,227.8423309326172,370.4689025878906,269.1640625,312.87066650390625,241.3300323486328,312.9812927246094,276.2523193359375,339.90521240234375,226.27752685546875,339.82269287109375,287.27081298828125,364.56219482421875,223.67169189453125,363.9125671386719,9
222.70542907714844,307.67669677734375,246.149658203125,309.5862731933594,217.6005401611328,336.7891845703125,250.7775115966797,338.96881103515625,227.79075622558594,359.66485595703125,243.625732421875,358.6480712890625,233.8575897216797,303.3274841308594,251.84005737304688,304.7051696777344,229.30764770507812,336.36761474609375,259.06365966796875,338.4766845703125,234.71072387695312,360.9324645996094,270.2386474609375,364.3445129394531,9
218.07998657226562,302.6269226074219,251.82534790039062,301.34539794921875,211.9139404296875,342.3691101074219,271.4162292480469,336.8980407714844,218.05943298339844,367.5933532714844,277.84979248046875,353.41259765625,225.27359008789062,310.0973815917969,250.37332153320312,309.83648681640625,219.98709106445312,341.45465087890625,264.80010986328125,341.9051208496094,223.91665649414062,361.4657287597656,281.0789489746094,363.461669921875,9
217.71322631835938,303.4539794921875,252.34024047851562,302.3740539550781,212.39675903320312,343.7220764160156,272.2713928222656,338.64227294921875,219.45188903808594,367.89068603515625,277.3104248046875,353.63177490234375,226.66534423828125,309.87744140625,252.29135131835938,309.7308349609375,220.76454162597656,343.39794921875,265.8052978515625,344.062255859375,224.4126739501953,361.0545654296875,281.2613220214844,363.13653564453125,9
215.9418487548828,303.16448974609375,252.933837890625,301.28271484375,211.13478088378906,344.58599853515625,272.5194091796875,338.9500732421875,217.90127563476562,363.04425048828125,272.46295166015625,351.0386962890625,221.90997314453125,318.8454895019531,249.19163513183594,318.2689514160156,222.0188751220703,344.4444274902344,265.1239013671875,343.9068908691406,222.70263671875,361.7684326171875,276.27777099609375,362.36920166015625,9
216.3873748779297,302.4654235839844,252.5975341796875,299.4290771484375,211.04905700683594,342.69818115234375,269.6325988769531,334.4894104003906,216.90261840820312,368.5660400390625,270.3758544921875,352.41351318359375,222.85426330566406,318.1778564453125,249.57177734375,317.1095886230469,221.28518676757812,340.8601989746094,263.965576171875,339.8038330078125,224.1776885986328,362.5007019042969,275.6191711425781,362.7801208496094,9
216.30661010742188,303.6036376953125,252.37667846679688,300.17901611328125,210.4076690673828,344.85528564453125,272.0018310546875,336.66009521484375,216.09217834472656,367.6268005371094,275.0126953125,356.6718444824219,221.4390106201172,319.19000244140625,248.09869384765625,318.04351806640625,220.99911499023438,340.9217224121094,264.4228210449219,339.3790588378906,222.31301879882812,363.01678466796875,276.99114990234375,363.3189392089844,9
217.0852508544922,304.18951416015625,250.70848083496094,298.7564392089844,212.70108032226562,345.047119140625,271.1351318359375,333.5093688964844,217.1214141845703,371.760498046875,278.4873352050781,357.1866455078125,221.76809692382812,317.0898132324219,246.61474609375,314.9734191894531,220.47695922851562,337.44342041015625,263.17462158203125,334.16131591796875,224.26300048828125,362.24371337890625,278.92425537109375,360.00115966796875,9
215.36122131347656,308.38336181640625,251.47628784179688,304.1201171875,213.213134765625,353.3021545410156,268.57513427734375,345.131103515625,221.08815002441406,371.210693359375,260.6705017089844,358.7535705566406,231.92430114746094,321.3148193359375,258.8287048339844,319.7916564941406,224.65574645996094,340.85601806640625,265.20965576171875,337.78338623046875,227.32406616210938,358.9190673828125,278.4772644042969,354.62548828125,9
218.91854858398438,303.25567626953125,252.139404296875,299.8105163574219,213.1005859375,339.45965576171875,265.99029541015625,332.00115966796875,219.99351501464844,362.7427978515625,270.2898254394531,354.9410400390625,222.16995239257812,313.7725830078125,246.83680725097656,312.6020812988281,222.0233612060547,334.4325256347656,261.3473205566406,332.3594665527344,224.4041748046875,367.1124572753906,271.9019470214844,366.50823974609375,9
221.09378051757812,302.1800537109375,252.81134033203125,299.7276916503906,216.82635498046875,333.0179443359375,262.4886779785156,328.1654357910156,225.53817749023438,355.1470031738281,264.2213134765625,350.47991943359375,221.73028564453125,315.49786376953125,245.2333984375,314.7679748535156,226.30609130859375,328.3431091308594,261.2712097167969,326.4535827636719,224.9883575439453,362.0271911621094,266.5399169921875,360.5846252441406,9
221.1307830810547,302.1681823730469,252.90805053710938,299.5727844238281,216.67747497558594,333.34722900390625,262.712646484375,328.26806640625,225.1650390625,355.8572082519531,264.6859130859375,350.8691101074219,221.74220275878906,315.14337158203125,245.3171844482422,314.34326171875,226.16326904296875,328.2139587402344,261.4393615722656,326.21014404296875,224.73582458496094,361.95941162109375,266.7978515625,360.33477783203125,9
254.5810089111328,320.23687744140625,220.5396270751953,320.6321716308594,268.9417419433594,335.0543212890625,219.4230194091797,337.8174133300781,265.27789306640625,351.5664367675781,229.96432495117188,360.8945617675781,257.5993347167969,314.0461730957031,233.27598571777344,314.42919921875,258.962646484375,333.57470703125,220.93307495117188,333.1976013183594,268.0255432128906,358.3128662109375,225.3927764892578,358.52606201171875,9
255.92291259765625,318.6160888671875,221.79620361328125,319.6688537597656,268.6900939941406,342.8431396484375,220.31678771972656,347.1392517089844,263.7907409667969,357.11810302734375,230.46820068359375,366.80303955078125,261.1318664550781,318.11444091796875,237.26416015625,318.6043701171875,256.6746826171875,337.024658203125,222.42034912109375,336.85418701171875,265.06512451171875,360.0868835449219,227.70399475097656,359.8812561035156,9
252.90264892578125,315.9671936035156,224.42868041992188,319.9678039550781,263.76251220703125,328.8092346191406,222.15721130371094,336.8812255859375,266.66571044921875,351.0646057128906,227.62245178222656,360.9618835449219,252.06361389160156,308.6752624511719,231.4980926513672,310.8816833496094,260.01898193359375,329.46807861328125,224.6663818359375,333.0655822753906,267.59771728515625,358.17462158203125,227.92247009277344,363.6973571777344,9
257.6709899902344,314.4541015625,225.9053192138672,315.26422119140625,266.9078674316406,339.1516418457031,219.90843200683594,342.2047119140625,263.1033935546875,366.3782653808594,228.2082061767578,369.1090393066406,263.3891906738281,314.2700500488281,240.97592163085938,314.672119140625,256.8955993652344,335.3088073730469,224.0137939453125,335.6005554199219,265.87432861328125,367.6444396972656,226.34365844726562,367.2747802734375,9
256.8326110839844,315.0865478515625,229.18408203125,315.04461669921875,267.33367919921875,335.9505920410156,221.43533325195312,337.4565734863281,264.3661804199219,369.33251953125,226.89532470703125,367.5032043457031,258.503662109375,305.8233642578125,238.82015991210938,305.7351379394531,255.49737548828125,327.07037353515625,224.45904541015625,327.1672668457031,267.1077575683594,366.708984375,227.66409301757812,365.5429992675781,9
251.3589324951172,301.5134582519531,242.96356201171875,300.4209899902344,262.3974304199219,323.4023742675781,242.49349975585938,322.4120178222656,265.7789001464844,368.9274597167969,244.01976013183594,364.561767578125,252.63363647460938,314.0093994140625,245.17694091796875,313.20794677734375,253.43045043945312,322.4880065917969,234.14007568359375,321.885986328125,257.1448669433594,367.1310119628906,232.53306579589844,365.6246643066406,9
254.4422607421875,309.26873779296875,233.26097106933594,309.962646484375,266.47686767578125,331.89544677734375,226.60948181152344,336.5841064453125,265.848876953125,369.1619567871094,232.06524658203125,369.0997619628906,258.7416687011719,301.415771484375,242.83450317382812,301.6936340332031,258.46063232421875,325.3525085449219,229.0658416748047,325.61859130859375,265.2398376464844,364.16033935546875,225.93283081054688,360.7054748535156,9
